#--------------------------------------------------------------------------------,
CAST                        ,,         353801,WOD Unique Cast Number,WOD code,
NODC Cruise ID              ,,IL-52          ,,,
Originators Station ID      ,,A01            ,,,alpha,
Originators Cruise ID       ,,00000          ,,,
Latitude                    ,,          33.01,decimal degrees,,
Longitude                   ,,        34.5330,decimal degrees,,
Year                        ,,           1961,,,
Month                       ,,              5,,,
Day                         ,,             26,,,
Time                        ,,            0.0,decimal hours (UT),,
METADATA,
Country                     ,,             IL,NODC code,ISRAEL
Accession Number            ,,       9900172.,NODC code,,
Platform                    ,,          4474.,OCL code,MEVOOT YAM,
Institute                   ,,           576.,NODC code,SEA FISHERIES RESEARCH STATION (HAIFA),
Bottom depth                ,,            18.,meters,,
probe_type                  ,,             7.,OCL_code,bottle/rosette/net,
Database origin             ,,             5.,WOD code,MEDAR/MEDATLAS,
Accession number          ,pH,       7100468.,NODC code,,
VARIABLES ,Depth     ,F,O,Temperatur ,F,O,Salinity   ,F,O,pH         ,F,O,,
UNITS     ,m         , , ,degrees C ,, , ,PSS       ,, , ,(n/a)     ,, , ,,
Prof-Flag ,          ,0, ,          ,0, ,          ,0, ,          ,0, ,,
         1,       0.0,0, ,    23.100,0, ,    38.660,0, ,      8.00,0, ,
         2,      10.0,0, ,    23.000,0, ,    38.660,0, ,      8.00,0, ,
END OF VARIABLES SECTION,
#--------------------------------------------------------------------------------,
CAST                        ,,         370011,WOD Unique Cast Number,WOD code,
NODC Cruise ID              ,,IL-162         ,,,
Originators Station ID      ,,A01            ,,,alpha,
Originators Cruise ID       ,,47196202280    ,,,
Latitude                    ,,          33.01,decimal degrees,,
Longitude                   ,,        34.8670,decimal degrees,,
Year                        ,,           1962,,,
Month                       ,,              3,,,
Day                         ,,              2,,,
Time                        ,,           1.50,decimal hours (UT),,
METADATA,
Country                     ,,             IL,NODC code,ISRAEL
Accession Number            ,,       9900172.,NODC code,,
Platform                    ,,          4474.,OCL code,MEVOOT YAM,
Institute                   ,,           576.,NODC code,SEA FISHERIES RESEARCH STATION (HAIFA),
Bottom depth                ,,            18.,meters,,
probe_type                  ,,             7.,OCL_code,bottle/rosette/net,
Database origin             ,,             5.,WOD code,MEDAR/MEDATLAS,
Accession number          ,pH,       7100739.,NODC code,,
VARIABLES ,Depth     ,F,O,Temperatur ,F,O,Salinity   ,F,O,pH         ,F,O,,
UNITS     ,m         , , ,degrees C ,, , ,PSS       ,, , ,(n/a)     ,, , ,,
Prof-Flag ,          ,0, ,          ,0, ,          ,0, ,          ,0, ,,
         1,       0.0,0, ,    16.750,0, ,    38.600,0, ,      8.15,0, ,
         2,      10.0,0, ,    16.690,0, ,    38.770,0, ,      8.10,0, ,
END OF VARIABLES SECTION,
#--------------------------------------------------------------------------------,
CAST                        ,,         403520,WOD Unique Cast Number,WOD code,
NODC Cruise ID              ,,IL-1           ,,,
Originators Station ID      ,,          92602,,,integer,
Originators Cruise ID       ,,00013          ,,,
Latitude                    ,,         33.132,decimal degrees,,
Longitude                   ,,        34.5330,decimal degrees,,
Year                        ,,           1963,,,
Month                       ,,              8,,,
Day                         ,,              1,,,
Time                        ,,          15.50,decimal hours (UT),,
METADATA,
Country                     ,,             IL,NODC code,ISRAEL
Accession Number            ,,       9900172.,NODC code,,
Platform                    ,,          4474.,OCL code,MEVOOT YAM,
Institute                   ,,           576.,NODC code,SEA FISHERIES RESEARCH STATION (HAIFA),
probe_type                  ,,             7.,OCL_code,bottle/rosette/net,
Database origin             ,,             5.,WOD code,MEDAR/MEDATLAS,
VARIABLES ,Depth     ,F,O,Temperatur ,F,O,Salinity   ,F,O,,
UNITS     ,m         , , ,degrees C ,, , ,PSS       ,, , ,,
Prof-Flag ,          ,0, ,          ,8, ,          ,0, ,,
         1,       1.0,0, ,    29.100,0, ,    39.380,0, ,
         2,      10.0,0, ,    28.920,0, ,    39.310,0, ,
         3,      20.0,0, ,    28.040,0, ,    39.140,0, ,
         4,      30.0,0, ,    27.340,0, ,    39.180,0, ,
         5,      50.0,0, ,    24.780,0, ,    39.090,0, ,
         6,      75.0,0, ,    20.540,0, ,    38.960,0, ,
         7,     100.0,0, ,    17.700,0, ,    38.960,0, ,
         8,     150.0,0, ,    16.580,0, ,    39.000,0, ,
         9,     200.0,0, ,    15.610,0, ,    39.090,0, ,
        10,     300.0,0, ,    14.580,0, ,    39.020,0, ,
        11,     400.0,0, ,    14.120,0, ,    38.960,0, ,
        12,     500.0,0, ,    13.910,0, ,    38.960,0, ,
        13,     600.0,0, ,    13.810,0, ,    38.860,0, ,
        14,     793.0,0, ,    13.740,0, ,    38.710,0, ,
        15,     990.0,0, ,    13.630,0, ,    38.780,0, ,
END OF VARIABLES SECTION,
#--------------------------------------------------------------------------------,
CAST                        ,,         437045,WOD Unique Cast Number,WOD code,
NODC Cruise ID              ,,IL-177         ,,,
Originators Station ID      ,,A05            ,,,alpha,
Originators Cruise ID       ,,47196410180    ,,,
Latitude                    ,,           33.0,decimal degrees,,
Longitude                   ,,        34.6920,decimal degrees,,
Year                        ,,           1964,,,
Month                       ,,             10,,,
Day                         ,,             29,,,
Time                        ,,           7.58,decimal hours (UT),,
METADATA,
Country                     ,,             IL,NODC code,ISRAEL
Accession Number            ,,       9900172.,NODC code,,
Platform                    ,,          4474.,OCL code,MEVOOT YAM,
Institute                   ,,           576.,NODC code,SEA FISHERIES RESEARCH STATION (HAIFA),
Bottom depth                ,,          1200.,meters,,
probe_type                  ,,             7.,OCL_code,bottle/rosette/net,
Database origin             ,,             5.,WOD code,MEDAR/MEDATLAS,
Accession number          ,pH,       7100894.,NODC code,,
VARIABLES ,Depth     ,F,O,Temperatur ,F,O,Salinity   ,F,O,pH         ,F,O,,
UNITS     ,m         , , ,degrees C ,, , ,PSS       ,, , ,(n/a)     ,, , ,,
Prof-Flag ,          ,0, ,          ,9, ,          ,2, ,          ,0, ,,
         1,       0.0,0, ,    22.710,0, ,    39.252,0, ,      8.00,0, ,
         2,      20.0,0, ,    24.690,0, ,    39.226,0, ,      7.90,0, ,
         3,      30.0,0, ,    24.700,0, ,    39.240,0, ,      8.00,0, ,
         4,      50.0,0, ,    22.400,0, ,    39.051,0, ,      8.00,0, ,
         5,      75.0,0, ,    19.310,0, ,    38.943,0, ,      8.10,0, ,
         6,     100.0,0, ,    18.890,0, ,    38.929,0, ,      8.10,0, ,
         7,     150.0,0, ,    21.500,0, ,    38.898,0, ,      8.05,0, ,
         8,     200.0,0, ,    18.440,0, ,    39.010,0, ,      8.05,0, ,
         9,     300.0,0, ,   ---*---,0, ,    39.014,0, ,      8.00,0, ,
        10,     400.0,0, ,    16.480,0, ,    39.015,0, ,      8.00,0, ,
        11,     500.0,2, ,    14.560,0, ,    38.870,0, ,      8.05,0, ,
        12,     600.0,2, ,    16.500,0, ,    38.820,0, ,      7.95,0, ,
        13,    1000.0,0, ,    13.880,0, ,    38.719,0, ,      8.00,0, ,
END OF VARIABLES SECTION,
#--------------------------------------------------------------------------------,
CAST                        ,,         438736,WOD Unique Cast Number,WOD code,
NODC Cruise ID              ,,IL-57          ,,,
Originators Station ID      ,,A05            ,,,alpha,
Originators Cruise ID       ,,638            ,,,
Latitude                    ,,           33.0,decimal degrees,,
Longitude                   ,,        34.6920,decimal degrees,,
Year                        ,,           1964,,,
Month                       ,,             11,,,
Day                         ,,             29,,,
Time                        ,,          11.18,decimal hours (UT),,
METADATA,
Country                     ,,             IL,NODC code,ISRAEL
Accession Number            ,,       9900172.,NODC code,,
Platform                    ,,          4474.,OCL code,MEVOOT YAM,
Institute                   ,,           576.,NODC code,SEA FISHERIES RESEARCH STATION (HAIFA),
Bottom depth                ,,          1200.,meters,,
probe_type                  ,,             7.,OCL_code,bottle/rosette/net,
Database origin             ,,             5.,WOD code,MEDAR/MEDATLAS,
Accession number          ,pH,       7100894.,NODC code,,
VARIABLES ,Depth     ,F,O,Temperatur ,F,O,Salinity   ,F,O,pH         ,F,O,,
UNITS     ,m         , , ,degrees C ,, , ,PSS       ,, , ,(n/a)     ,, , ,,
Prof-Flag ,          ,0, ,          ,9, ,          ,4, ,          ,0, ,,
         1,       0.0,0, ,    20.870,0, ,    39.153,0, ,      8.05,0, ,
         2,      10.0,0, ,    20.920,0, ,    39.145,0, ,      8.10,0, ,
         3,      20.0,0, ,    20.890,0, ,    39.149,0, ,      8.15,0, ,
         4,      30.0,0, ,    20.950,0, ,    39.154,0, ,      8.10,0, ,
         5,      50.0,0, ,    20.830,0, ,    39.141,0, ,      8.20,0, ,
         6,      75.0,0, ,    20.290,0, ,    39.053,0, ,      8.00,0, ,
         7,     100.0,0, ,    21.790,0, ,    39.019,0, ,      8.15,0, ,
         8,     150.0,0, ,    18.740,0, ,    38.969,0, ,      8.10,0, ,
         9,     200.0,0, ,    16.030,0, ,    39.072,0, ,      8.05,0, ,
        10,     300.0,0, ,    15.130,0, ,    38.968,0, ,      8.05,0, ,
        11,     400.0,2, ,    16.000,0, ,    38.982,0, ,      7.95,0, ,
        12,     500.0,2, ,    18.030,0, ,    38.968,0, ,      8.15,0, ,
        13,     600.0,0, ,    16.350,0, ,    39.011,0, ,      8.05,0, ,
        14,     800.0,0, ,    14.480,0, ,    38.847,0, ,      8.10,0, ,
        15,    1000.0,0, ,    13.930,0, ,    38.763,0, ,      7.95,0, ,
END OF VARIABLES SECTION,
#--------------------------------------------------------------------------------,
CAST                        ,,         442840,WOD Unique Cast Number,WOD code,
NODC Cruise ID              ,,IL-3           ,,,
Originators Station ID      ,,          31510,,,integer,
Originators Cruise ID       ,,00034          ,,,
Latitude                    ,,         33.067,decimal degrees,,
Longitude                   ,,        34.7830,decimal degrees,,
Year                        ,,           1965,,,
Month                       ,,              2,,,
Day                         ,,             19,,,
Time                        ,,          18.50,decimal hours (UT),,
METADATA,
Country                     ,,             IL,NODC code,ISRAEL
Accession Number            ,,       9900172.,NODC code,,
Platform                    ,,          4474.,OCL code,MEVOOT YAM,
Bottom depth                ,,           732.,meters,,
probe_type                  ,,             7.,OCL_code,bottle/rosette/net,
Database origin             ,,             5.,WOD code,MEDAR/MEDATLAS,
VARIABLES ,Depth     ,F,O,Temperatur ,F,O,Salinity   ,F,O,,
UNITS     ,m         , , ,degrees C ,, , ,PSS       ,, , ,,
Prof-Flag ,          ,0, ,          ,0, ,          ,0, ,,
         1,       0.0,0, ,    17.490,0, ,    38.996,0, ,
         2,      10.0,0, ,    17.580,0, ,    38.997,0, ,
         3,      20.0,0, ,    17.380,0, ,    38.998,0, ,
         4,      30.0,0, ,    17.290,0, ,    38.977,0, ,
         5,      50.0,0, ,    17.200,0, ,    39.011,0, ,
         6,      74.0,0, ,    17.300,0, ,    39.020,0, ,
         7,      99.0,0, ,    17.010,0, ,    39.057,0, ,
         8,     149.0,0, ,    16.900,0, ,    39.029,0, ,
         9,     198.0,0, ,    16.990,0, ,    39.037,0, ,
        10,     297.0,0, ,    16.630,0, ,    39.027,0, ,
        11,     396.0,0, ,    16.960,0, ,    39.036,0, ,
        12,     594.0,0, ,    14.240,0, ,    39.034,0, ,
END OF VARIABLES SECTION,
#--------------------------------------------------------------------------------,
CAST                        ,,         508366,WOD Unique Cast Number,WOD code,
NODC Cruise ID              ,,IL-4           ,,,
Originators Station ID      ,,          93645,,,integer,
Originators Cruise ID       ,,00044          ,,,
Latitude                    ,,         33.082,decimal degrees,,
Longitude                   ,,        34.7000,decimal degrees,,
Year                        ,,           1967,,,
Month                       ,,              6,,,
Day                         ,,             21,,,
Time                        ,,          11.00,decimal hours (UT),,
METADATA,
Country                     ,,             IL,NODC code,ISRAEL
Accession Number            ,,       9900172.,NODC code,,
Platform                    ,,          4476.,OCL code,SHIKMONA,
Bottom depth                ,,           914.,meters,,
probe_type                  ,,             7.,OCL_code,bottle/rosette/net,
Database origin             ,,             5.,WOD code,MEDAR/MEDATLAS,
Original units        ,Oxygen,            88.,NODC code,ml/l (milliliter per liter),
Accession number          ,pH,       6700000.,NODC code,,
VARIABLES ,Depth     ,F,O,Temperatur ,F,O,Salinity   ,F,O,Oxygen     ,F,O,pH         ,F,O,,
UNITS     ,m         , , ,degrees C ,, , ,PSS       ,, , ,umol/kg   ,, , ,(n/a)     ,, , ,,
Prof-Flag ,          ,0, ,          ,0, ,          ,0, ,          ,0, ,          ,0, ,,
         1,       0.0,0, ,    24.900,0, ,    39.163,0, ,     199.6,0, ,      8.10,0, ,
         2,      12.0,0, ,    24.310,0, ,    39.151,0, ,     203.9,0, ,      8.02,0, ,
         3,      24.0,0, ,    23.450,0, ,    39.159,0, ,     208.3,0, ,      8.12,0, ,
         4,      36.0,0, ,    19.140,0, ,    38.839,0, ,     228.3,0, ,      8.08,0, ,
         5,      60.0,0, ,    17.720,0, ,    38.887,0, ,     221.8,0, ,      8.12,0, ,
         6,      82.0,0, ,    16.780,0, ,    38.923,0, ,     217.4,0, ,      8.12,0, ,
         7,     109.0,0, ,    16.380,0, ,    38.915,0, ,     215.2,0, ,      8.05,0, ,
         8,     148.0,0, ,    16.310,0, ,    38.955,0, ,     217.0,0, ,      8.10,0, ,
         9,     200.0,0, ,    16.170,0, ,    38.975,0, ,     215.2,0, ,      8.05,0, ,
        10,     251.0,0, ,    16.120,0, ,    38.975,0, ,     208.3,0, ,      8.07,0, ,
        11,     303.0,0, ,    15.400,0, ,    38.960,0, ,     195.2,0, ,      8.02,0, ,
        12,     398.0,0, ,    14.440,0, ,    38.877,0, ,     181.7,0, ,      8.05,0, ,
        13,     502.0,0, ,    14.060,0, ,    38.813,0, ,     175.2,0, ,      8.03,0, ,
END OF VARIABLES SECTION,
#--------------------------------------------------------------------------------,
CAST                        ,,         513955,WOD Unique Cast Number,WOD code,
NODC Cruise ID              ,,IL-62          ,,,
Originators Station ID      ,,A04            ,,,alpha,
Originators Cruise ID       ,,00625          ,,,
Latitude                    ,,          33.01,decimal degrees,,
Longitude                   ,,        34.8830,decimal degrees,,
Year                        ,,           1967,,,
Month                       ,,              8,,,
Day                         ,,             11,,,
Time                        ,,           5.50,decimal hours (UT),,
METADATA,
Country                     ,,             IL,NODC code,ISRAEL
Accession Number            ,,       9900172.,NODC code,,
Platform                    ,,          4474.,OCL code,MEVOOT YAM,
Institute                   ,,           576.,NODC code,SEA FISHERIES RESEARCH STATION (HAIFA),
Bottom depth                ,,           155.,meters,,
probe_type                  ,,             7.,OCL_code,bottle/rosette/net,
Database origin             ,,             5.,WOD code,MEDAR/MEDATLAS,
Accession number          ,pH,       7101385.,NODC code,,
VARIABLES ,Depth     ,F,O,Temperatur ,F,O,Salinity   ,F,O,pH         ,F,O,,
UNITS     ,m         , , ,degrees C ,, , ,PSS       ,, , ,(n/a)     ,, , ,,
Prof-Flag ,          ,0, ,          ,4, ,          ,0, ,          ,0, ,,
         1,       0.0,0, ,    28.280,0, ,    39.119,0, ,      8.00,0, ,
         2,      10.0,0, ,    28.250,0, ,    39.119,0, ,      8.10,0, ,
         3,      20.0,0, ,    28.160,0, ,    39.123,0, ,      8.10,0, ,
         4,      30.0,0, ,   ---*---,0, ,    39.051,0, ,      8.05,0, ,
         5,      50.0,0, ,    27.200,0, ,    39.047,0, ,      8.05,0, ,
         6,      75.0,0, ,    20.500,0, ,    38.627,0, ,      8.10,0, ,
         7,     100.0,0, ,    17.430,0, ,    38.895,0, ,      8.00,0, ,
         8,     125.0,0, ,    16.680,0, ,    38.963,0, ,      8.05,0, ,
END OF VARIABLES SECTION,
#--------------------------------------------------------------------------------,
CAST                        ,,         530233,WOD Unique Cast Number,WOD code,
NODC Cruise ID              ,,IL-8           ,,,
Originators Station ID      ,,          14144,,,integer,
Originators Cruise ID       ,,00085          ,,,
Latitude                    ,,         33.250,decimal degrees,,
Longitude                   ,,        34.5000,decimal degrees,,
Year                        ,,           1968,,,
Month                       ,,              2,,,
Day                         ,,             17,,,
Time                        ,,            22.,decimal hours (UT),,
METADATA,
Country                     ,,             IL,NODC code,ISRAEL
Accession Number            ,,       9900172.,NODC code,,
Platform                    ,,          4476.,OCL code,SHIKMONA,
Institute                   ,,           576.,NODC code,SEA FISHERIES RESEARCH STATION (HAIFA),
Bottom depth                ,,          1400.,meters,,
Wind Force                  ,,             4.,Beaufort Scale,MODERATE BREEZE  MEAN VELOCITY IN KNOTS 11-16  METERS/SEC 5.5-7.9  KM/H 20-28,
Wind Direction              ,,             9.,WMO code 0877,85 DEGREES - 94 DEGREES,
Barometric pressure         ,,         1008.0,millibars,,
probe_type                  ,,             7.,OCL_code,bottle/rosette/net,
Database origin             ,,             5.,WOD code,MEDAR/MEDATLAS,
Original units        ,Oxygen,            88.,NODC code,ml/l (milliliter per liter),
Accession number          ,pH,       7200105.,NODC code,,
VARIABLES ,Depth     ,F,O,Temperatur ,F,O,Salinity   ,F,O,Oxygen     ,F,O,pH         ,F,O,,
UNITS     ,m         , , ,degrees C ,, , ,PSS       ,, , ,umol/kg   ,, , ,(n/a)     ,, , ,,
Prof-Flag ,          ,0, ,          ,0, ,          ,0, ,          ,0, ,          ,0, ,,
         1,       0.0,0, ,    16.510,0, ,    38.958,0, ,     216.5,0, ,      8.05,0, ,
         2,      10.0,0, ,    16.510,0, ,    38.952,0, ,     208.3,0, ,      8.10,0, ,
         3,      31.0,0, ,    16.440,0, ,    38.948,0, ,     218.7,0, ,      8.10,0, ,
         4,      52.0,0, ,    16.380,0, ,    38.946,0, ,     208.3,0, ,      8.10,0, ,
         5,     104.0,0, ,    16.230,0, ,    38.955,0, ,     229.2,0, ,      8.05,0, ,
         6,     150.0,0, ,    15.900,0, ,    38.979,0, ,     206.1,0, ,      8.00,0, ,
         7,     203.0,0, ,    15.580,0, ,    39.030,0, ,     193.5,0, ,      8.00,0, ,
         8,     398.0,0, ,    14.380,0, ,    38.951,0, ,     168.2,0, ,      8.05,0, ,
         9,     600.0,0, ,    13.860,0, ,    38.844,0, ,     163.8,0, ,      8.00,0, ,
        10,     798.0,0, ,    13.690,0, ,    38.831,0, ,     159.9,0, ,      8.00,0, ,
        11,     991.0,0, ,    13.640,0, ,    38.774,0, ,     157.7,0, ,      8.00,0, ,
        12,    1193.0,0, ,    13.600,0, ,    38.769,0, ,     159.9,0, ,      7.95,0, ,
END OF VARIABLES SECTION,
#--------------------------------------------------------------------------------,
CAST                        ,,       13818332,WOD Unique Cast Number,WOD code,
NODC Cruise ID              ,,SU-22138       ,,,
Originators Station ID      ,,             26,,,integer,
Originators Cruise ID       ,,               ,,,
Latitude                    ,,          33.28,decimal degrees,,
Longitude                   ,,          34.60,decimal degrees,,
Year                        ,,           1968,,,
Month                       ,,             11,,,
Day                         ,,             25,,,
Time                        ,,           16.0,decimal hours (UT),,
METADATA,
Country                     ,,             SU,NODC code,SOVIET UNION
Accession Number            ,,         77413.,NODC code,,
Platform                    ,,          6400.,OCL code,FADDEY BELLINSGAUSEN,
Institute                   ,,          1389.,NODC code,ROSTOV REGIONAL ADMINISTRATION OF HYDROMETEOROLOGY; ROSHYDROMET (Rostov-on-Don),
Bottom depth                ,,          1470.,meters,,
probe_type                  ,,             7.,OCL_code,bottle/rosette/net,
Database origin             ,,             3.,WOD code,GODAR Project,
VARIABLES ,Depth     ,F,O,Temperatur ,F,O,Salinity   ,F,O,,
UNITS     ,m         , , ,degrees C ,, , ,PSS       ,, , ,,
Prof-Flag ,          ,0, ,          ,2, ,          ,2, ,,
         1,        0.,0, ,    22.760,0, ,    39.250,0, ,
         2,       10.,0, ,    22.790,0, ,    39.290,0, ,
         3,       20.,0, ,    22.780,0, ,    39.290,0, ,
         4,       30.,0, ,    22.710,0, ,    39.220,0, ,
         5,       45.,0, ,    19.780,0, ,    38.690,0, ,
         6,       50.,0, ,    19.090,0, ,    38.690,0, ,
         7,       55.,0, ,    18.480,0, ,    38.690,0, ,
         8,       75.,0, ,    17.020,0, ,    38.690,0, ,
         9,      100.,0, ,    16.450,0, ,    38.770,0, ,
        10,      150.,0, ,    16.080,0, ,    38.770,0, ,
        11,      200.,0, ,    15.660,0, ,    38.860,0, ,
        12,      250.,0, ,    15.330,0, ,    38.860,0, ,
        13,      300.,0, ,    14.790,0, ,    38.840,0, ,
        14,      400.,0, ,    14.280,0, ,    38.860,0, ,
        15,      500.,0, ,    13.970,0, ,    38.680,0, ,
        16,      600.,0, ,    13.840,0, ,    38.680,0, ,
END OF VARIABLES SECTION,
#--------------------------------------------------------------------------------,
CAST                        ,,        6704158,WOD Unique Cast Number,WOD code,
NODC Cruise ID              ,,IL-159         ,,,
Originators Station ID      ,,          65394,,,integer,
Originators Cruise ID       ,,00325          ,,,
Latitude                    ,,         33.282,decimal degrees,,
Longitude                   ,,        34.5330,decimal degrees,,
Year                        ,,           1969,,,
Month                       ,,             11,,,
Day                         ,,              4,,,
Time                        ,,          12.50,decimal hours (UT),,
METADATA,
Country                     ,,             IL,NODC code,ISRAEL
Accession Number            ,,       9900172.,NODC code,,
Platform                    ,,          4476.,OCL code,SHIKMONA,
probe_type                  ,,             7.,OCL_code,bottle/rosette/net,
Database origin             ,,             5.,WOD code,MEDAR/MEDATLAS,
Original units        ,Oxygen,            88.,NODC code,ml/l (milliliter per liter),
VARIABLES ,Depth     ,F,O,Temperatur ,F,O,Salinity   ,F,O,Oxygen     ,F,O,,
UNITS     ,m         , , ,degrees C ,, , ,PSS       ,, , ,umol/kg   ,, , ,,
Prof-Flag ,          ,0, ,          ,0, ,          ,0, ,          ,0, ,,
         1,       0.0,0, ,    23.430,0, ,    39.228,0, ,     217.0,0, ,
         2,      10.0,0, ,    23.380,0, ,    39.216,0, ,     203.0,0, ,
         3,      20.0,0, ,    23.350,0, ,   ---*---,0, ,     210.9,0, ,
         4,      30.0,0, ,    23.000,0, ,    39.201,0, ,     213.5,0, ,
         5,      50.0,0, ,    19.070,0, ,    38.800,0, ,     251.8,0, ,
         6,      75.0,0, ,    17.830,0, ,   ---*---,0, ,   ---*---,0, ,
         7,     101.0,0, ,    17.180,0, ,    38.888,0, ,     227.4,0, ,
         8,     147.0,0, ,    16.480,0, ,    38.900,0, ,     223.1,0, ,
         9,     196.0,0, ,    15.820,0, ,    39.001,0, ,     216.1,0, ,
        10,     296.0,0, ,    15.110,0, ,    38.969,0, ,     200.0,0, ,
        11,     394.0,0, ,    14.510,0, ,    38.906,0, ,     186.5,0, ,
        12,     492.0,0, ,    14.080,0, ,    38.822,0, ,     173.0,0, ,
        13,     586.0,0, ,    13.870,0, ,    38.809,0, ,     187.8,0, ,
        14,     775.0,0, ,    13.730,0, ,    38.890,0, ,     185.2,0, ,
        15,     947.0,0, ,    13.670,0, ,    38.729,0, ,     178.2,0, ,
        16,    1141.0,0, ,    13.640,0, ,    38.723,0, ,     174.7,0, ,
        17,    1426.0,0, ,    13.580,0, ,    38.707,0, ,     173.4,0, ,
        18,    1811.0,0, ,    13.610,0, ,    38.711,0, ,     177.8,0, ,
END OF VARIABLES SECTION,
#--------------------------------------------------------------------------------,
CAST                        ,,         605923,WOD Unique Cast Number,WOD code,
NODC Cruise ID              ,,IL-36          ,,,
Originators Station ID      ,,          81038,,,integer,
Originators Cruise ID       ,,00365          ,,,
Latitude                    ,,           33.0,decimal degrees,,
Longitude                   ,,        34.8330,decimal degrees,,
Year                        ,,           1970,,,
Month                       ,,              8,,,
Day                         ,,             16,,,
Time                        ,,           6.68,decimal hours (UT),,
METADATA,
Country                     ,,             IL,NODC code,ISRAEL
Accession Number            ,,       9900172.,NODC code,,
Platform                    ,,          4476.,OCL code,SHIKMONA,
Institute                   ,,           576.,NODC code,SEA FISHERIES RESEARCH STATION (HAIFA),
Bottom depth                ,,           800.,meters,,
Wind Force                  ,,             3.,Beaufort Scale,GENTLE BREEZE  MEAN VELOCITY IN KNOTS 7-10  METERS/SEC 3.4-5.4  KM/H 12-19  M.P,
Wind Direction              ,,            27.,WMO code 0877,265 DEGREES - 274 DEGREES,
Barometric pressure         ,,         1004.0,millibars,,
probe_type                  ,,             7.,OCL_code,bottle/rosette/net,
Database origin             ,,             5.,WOD code,MEDAR/MEDATLAS,
Accession number          ,pH,       7001319.,NODC code,,
VARIABLES ,Depth     ,F,O,Temperatur ,F,O,Salinity   ,F,O,pH         ,F,O,,
UNITS     ,m         , , ,degrees C ,, , ,PSS       ,, , ,(n/a)     ,, , ,,
Prof-Flag ,          ,0, ,          ,9, ,          ,0, ,          ,0, ,,
         1,       0.0,0, ,    28.260,0, ,    39.055,0, ,      8.10,0, ,
         2,      10.0,0, ,    28.000,0, ,    39.043,0, ,      8.10,0, ,
         3,      20.0,0, ,    27.580,0, ,    39.012,0, ,      8.10,0, ,
         4,      30.0,0, ,    27.540,0, ,    39.012,0, ,      8.05,0, ,
         5,      50.0,0, ,    27.060,0, ,    39.012,0, ,      8.10,0, ,
         6,      75.0,0, ,    25.660,3, ,    38.872,0, ,      8.05,0, ,
         7,      81.0,0, ,    21.460,3, ,    38.695,0, ,      8.05,0, ,
         8,     109.0,0, ,    17.780,0, ,    38.835,0, ,      8.00,0, ,
         9,     149.0,0, ,    16.970,0, ,    38.919,0, ,      8.02,0, ,
        10,     207.0,0, ,    15.560,0, ,    38.960,0, ,      8.00,0, ,
        11,     356.0,0, ,    14.320,0, ,    38.864,0, ,      8.00,0, ,
        12,     535.0,2, ,    13.940,0, ,    38.821,0, ,      7.98,0, ,
        13,     542.0,2, ,    13.920,0, ,    38.783,0, ,      7.95,0, ,
END OF VARIABLES SECTION,
#--------------------------------------------------------------------------------,
CAST                        ,,         612135,WOD Unique Cast Number,WOD code,
NODC Cruise ID              ,,IL-53          ,,,
Originators Station ID      ,,          86369,,,integer,
Originators Cruise ID       ,,00535          ,,,
Latitude                    ,,         33.032,decimal degrees,,
Longitude                   ,,        34.5000,decimal degrees,,
Year                        ,,           1970,,,
Month                       ,,             11,,,
Day                         ,,             11,,,
Time                        ,,          13.50,decimal hours (UT),,
METADATA,
Country                     ,,             IL,NODC code,ISRAEL
Accession Number            ,,       9900172.,NODC code,,
Platform                    ,,          4476.,OCL code,SHIKMONA,
Institute                   ,,           576.,NODC code,SEA FISHERIES RESEARCH STATION (HAIFA),
Bottom depth                ,,          1300.,meters,,
Wind Direction              ,,             4.,WMO code 0877,35 DEGREES - 44 DEGREES,
Wind speed                  ,,             4.,knots,,
Barometric pressure         ,,         1018.0,millibars,,
probe_type                  ,,             7.,OCL_code,bottle/rosette/net,
Database origin             ,,             5.,WOD code,MEDAR/MEDATLAS,
Accession number          ,pH,       7100708.,NODC code,,
VARIABLES ,Depth     ,F,O,Temperatur ,F,O,Salinity   ,F,O,pH         ,F,O,,
UNITS     ,m         , , ,degrees C ,, , ,PSS       ,, , ,(n/a)     ,, , ,,
Prof-Flag ,          ,0, ,          ,0, ,          ,0, ,          ,0, ,,
         1,       0.0,0, ,    23.250,0, ,    39.247,0, ,      8.10,0, ,
         2,       7.0,0, ,    23.250,0, ,    39.247,0, ,      8.11,0, ,
         3,      15.0,0, ,    23.240,0, ,    39.230,0, ,      8.10,0, ,
         4,      22.0,0, ,    23.090,0, ,    39.230,0, ,      8.10,0, ,
         5,      37.0,0, ,    22.970,0, ,    39.208,0, ,      8.10,0, ,
         6,      55.0,0, ,    19.650,0, ,    38.642,0, ,      8.05,0, ,
         7,      73.0,0, ,    17.960,0, ,    38.726,0, ,      8.05,0, ,
         8,     129.0,0, ,    16.130,0, ,    38.889,0, ,      8.02,0, ,
         9,     202.0,0, ,    15.880,0, ,   ---*---,0, ,   ---*---,0, ,
        10,     307.0,0, ,    14.860,0, ,    38.929,0, ,      8.00,0, ,
        11,     402.0,0, ,    14.350,0, ,    38.849,0, ,      8.00,0, ,
        12,     503.0,0, ,    13.980,0, ,    38.800,0, ,      8.00,0, ,
        13,     604.0,0, ,    13.860,0, ,    38.756,0, ,      8.00,0, ,
        14,     806.0,0, ,    13.720,0, ,    38.730,0, ,      8.00,0, ,
        15,    1004.0,0, ,    13.640,0, ,    38.713,0, ,      8.00,0, ,
        16,    1211.0,0, ,    13.590,0, ,    38.712,0, ,      8.00,0, ,
        17,    1313.0,0, ,    13.580,0, ,    39.029,0, ,      8.10,0, ,
END OF VARIABLES SECTION,
#--------------------------------------------------------------------------------,
CAST                        ,,         616843,WOD Unique Cast Number,WOD code,
NODC Cruise ID              ,,IL-60          ,,,
Originators Station ID      ,,          90685,,,integer,
Originators Cruise ID       ,,00605          ,,,
Latitude                    ,,         33.032,decimal degrees,,
Longitude                   ,,        34.6330,decimal degrees,,
Year                        ,,           1971,,,
Month                       ,,              2,,,
Day                         ,,             11,,,
Time                        ,,          11.18,decimal hours (UT),,
METADATA,
Country                     ,,             IL,NODC code,ISRAEL
Accession Number            ,,       9900172.,NODC code,,
Platform                    ,,          4476.,OCL code,SHIKMONA,
Institute                   ,,           576.,NODC code,SEA FISHERIES RESEARCH STATION (HAIFA),
Bottom depth                ,,          1100.,meters,,
Wind Force                  ,,             2.,Beaufort Scale,LIGHT BREEZE  MEAN VELOCITY IN KNOTS 4-6  METERS/SEC 1.6-3.3 KM/H 6-11  M.P.H.,
Wind Direction              ,,            32.,WMO code 0877,315 DEGREES - 324 DEGREES,
probe_type                  ,,             7.,OCL_code,bottle/rosette/net,
Database origin             ,,             5.,WOD code,MEDAR/MEDATLAS,
Accession number          ,pH,       7100922.,NODC code,,
VARIABLES ,Depth     ,F,O,Temperatur ,F,O,Salinity   ,F,O,pH         ,F,O,,
UNITS     ,m         , , ,degrees C ,, , ,PSS       ,, , ,(n/a)     ,, , ,,
Prof-Flag ,          ,0, ,          ,0, ,          ,0, ,          ,0, ,,
         1,       0.0,0, ,    17.880,0, ,    39.040,0, ,      8.10,0, ,
         2,      10.0,0, ,    17.850,0, ,    39.040,0, ,      8.10,0, ,
         3,      20.0,0, ,    17.850,0, ,    39.040,0, ,      8.10,0, ,
         4,      30.0,0, ,    17.880,0, ,    39.040,0, ,      8.10,0, ,
         5,      50.0,0, ,    17.860,0, ,    39.042,0, ,      8.10,0, ,
         6,      75.0,0, ,    17.850,0, ,    39.042,0, ,      8.10,0, ,
         7,     106.0,0, ,    17.860,0, ,    39.045,0, ,      8.10,0, ,
         8,     159.0,0, ,    17.850,0, ,    39.049,0, ,      8.10,0, ,
         9,     212.0,0, ,    17.850,0, ,    39.091,0, ,      8.08,0, ,
        10,     318.0,0, ,    15.480,0, ,    38.967,0, ,      8.05,0, ,
        11,     424.0,0, ,    14.680,0, ,    38.911,0, ,      8.05,0, ,
        12,     521.0,0, ,    14.240,0, ,    38.851,0, ,      8.00,0, ,
        13,     608.0,0, ,    13.980,0, ,    38.840,0, ,      8.00,0, ,
        14,     814.0,0, ,    13.730,0, ,    38.756,0, ,      8.00,0, ,
        15,    1012.0,0, ,    13.620,0, ,    38.755,0, ,      8.00,0, ,
        16,    1107.0,0, ,    13.600,0, ,    38.710,0, ,      8.00,0, ,
END OF VARIABLES SECTION,
#--------------------------------------------------------------------------------,
CAST                        ,,         664246,WOD Unique Cast Number,WOD code,
NODC Cruise ID              ,,IL-71          ,,,
Originators Station ID      ,,          32907,,,integer,
Originators Cruise ID       ,,00716          ,,,
Latitude                    ,,         33.200,decimal degrees,,
Longitude                   ,,        34.5000,decimal degrees,,
Year                        ,,           1972,,,
Month                       ,,              8,,,
Day                         ,,              1,,,
Time                        ,,          11.50,decimal hours (UT),,
METADATA,
Country                     ,,             IL,NODC code,ISRAEL
Accession Number            ,,       9900172.,NODC code,,
Platform                    ,,          4476.,OCL code,SHIKMONA,
Institute                   ,,           576.,NODC code,SEA FISHERIES RESEARCH STATION (HAIFA),
Bottom depth                ,,          1400.,meters,,
Wind Force                  ,,             4.,Beaufort Scale,MODERATE BREEZE  MEAN VELOCITY IN KNOTS 11-16  METERS/SEC 5.5-7.9  KM/H 20-28,
Wind Direction              ,,            27.,WMO code 0877,265 DEGREES - 274 DEGREES,
Barometric pressure         ,,         1004.0,millibars,,
probe_type                  ,,             7.,OCL_code,bottle/rosette/net,
Database origin             ,,             5.,WOD code,MEDAR/MEDATLAS,
Original units        ,Oxygen,            88.,NODC code,ml/l (milliliter per liter),
Accession number          ,pH,       7300426.,NODC code,,
VARIABLES ,Depth     ,F,O,Temperatur ,F,O,Salinity   ,F,O,Oxygen     ,F,O,pH         ,F,O,,
UNITS     ,m         , , ,degrees C ,, , ,PSS       ,, , ,umol/kg   ,, , ,(n/a)     ,, , ,,
Prof-Flag ,          ,0, ,          ,0, ,          ,0, ,          ,0, ,          ,0, ,,
         1,       0.0,0, ,    27.010,0, ,    39.352,0, ,     201.3,0, ,      8.20,0, ,
         2,      10.0,0, ,    26.600,0, ,    39.325,0, ,     204.3,0, ,      8.16,0, ,
         3,      20.0,0, ,   ---*---,0, ,    39.293,0, ,     197.8,0, ,      8.20,0, ,
         4,      30.0,0, ,    23.070,0, ,    39.146,0, ,     222.2,0, ,      8.20,0, ,
         5,      50.0,0, ,    19.200,0, ,    38.912,0, ,     247.0,0, ,      8.20,0, ,
         6,      75.0,0, ,    17.400,0, ,    38.972,0, ,     244.4,0, ,      8.20,0, ,
         7,      96.0,0, ,    16.850,0, ,    39.032,0, ,     239.6,0, ,      8.20,0, ,
         8,     154.0,0, ,    16.450,0, ,    39.117,0, ,     225.7,0, ,      8.20,0, ,
         9,     197.0,0, ,    16.160,0, ,    39.076,0, ,     242.7,0, ,      8.20,0, ,
        10,     291.0,0, ,    15.000,0, ,    38.991,0, ,     207.0,0, ,      8.17,0, ,
        11,     389.0,0, ,    14.380,0, ,    38.944,0, ,     195.6,0, ,      8.15,0, ,
        12,     486.0,0, ,    14.050,0, ,    38.913,0, ,     193.5,0, ,      8.15,0, ,
        13,     582.0,0, ,    13.840,0, ,    38.890,0, ,     210.0,0, ,      8.14,0, ,
        14,     776.0,0, ,    13.690,0, ,    38.794,0, ,     183.4,0, ,      8.07,0, ,
        15,     966.0,0, ,    13.630,0, ,    38.760,0, ,     203.5,0, ,      8.14,0, ,
        16,    1183.0,0, ,    13.580,0, ,    38.852,0, ,     196.9,0, ,      8.17,0, ,
        17,    1500.0,0, ,   ---*---,0, ,    38.786,0, ,   ---*---,0, ,      8.10,0, ,
END OF VARIABLES SECTION,
#--------------------------------------------------------------------------------,
CAST                        ,,       11234860,WOD Unique Cast Number,WOD code,
NODC Cruise ID              ,,SU-17844       ,,,
Originators Station ID      ,,             17,,,integer,
Originators Cruise ID       ,,               ,,,
Latitude                    ,,          33.07,decimal degrees,,
Longitude                   ,,           34.5,decimal degrees,,
Year                        ,,           1974,,,
Month                       ,,              9,,,
Day                         ,,             20,,,
Time                        ,,            5.0,decimal hours (UT),,
METADATA,
Country                     ,,             SU,NODC code,SOVIET UNION
Accession Number            ,,         38350.,NODC code,,
Platform                    ,,          6396.,OCL code,EKVATOR,
Institute                   ,,           929.,NODC code,HYDROMETEROLOGY SERVICE OF THE RUSSIAN NAVY (GSVMF),
Bottom depth                ,,          1480.,meters,,
probe_type                  ,,             7.,OCL_code,bottle/rosette/net,
Database origin             ,,             3.,WOD code,GODAR Project,
VARIABLES ,Depth     ,F,O,Temperatur ,F,O,Salinity   ,F,O,,
UNITS     ,m         , , ,degrees C ,, , ,PSS       ,, , ,,
Prof-Flag ,          ,0, ,          ,2, ,          ,9, ,,
         1,        0.,0, ,     26.93,0, ,     39.63,0, ,
         2,       10.,0, ,     26.88,0, ,     39.59,0, ,
         3,       20.,0, ,     26.92,0, ,     39.64,0, ,
         4,       31.,0, ,     26.06,0, ,     39.56,0, ,
         5,       42.,0, ,     21.48,0, ,     39.02,0, ,
         6,       52.,0, ,     19.80,0, ,     39.20,0, ,
         7,       78.,0, ,     18.15,0, ,     39.31,0, ,
         8,      104.,0, ,     17.32,0, ,     39.33,0, ,
         9,      156.,0, ,     16.78,0, ,     39.37,0, ,
        10,      207.,0, ,     16.52,0, ,     39.37,0, ,
        11,      257.,0, ,     15.92,0, ,     39.31,0, ,
        12,      307.,0, ,     15.39,0, ,     39.25,0, ,
        13,      406.,0, ,     14.50,0, ,     39.24,0, ,
        14,      500.,0, ,     14.12,0, ,     39.08,0, ,
        15,      600.,0, ,     13.88,0, ,     39.02,0, ,
        16,      800.,0, ,     13.70,0, ,     38.98,0, ,
        17,     1047.,0, ,     13.66,0, ,     38.94,0, ,
END OF VARIABLES SECTION,
#--------------------------------------------------------------------------------,
CAST                        ,,       11748140,WOD Unique Cast Number,WOD code,
NODC Cruise ID              ,,IL-221         ,,,
Originators Station ID      ,,             10,,,integer,
Originators Cruise ID       ,,MC24IS         ,,,
Latitude                    ,,           33.0,decimal degrees,,
Longitude                   ,,        34.5000,decimal degrees,,
Year                        ,,           1983,,,
Month                       ,,             10,,,
Day                         ,,              5,,,
Time                        ,,          20.57,decimal hours (UT),,
METADATA,
Country                     ,,             IL,NODC code,ISRAEL
Accession Number            ,,           996.,NODC code,,
Platform                    ,,          4476.,OCL code,SHIKMONA,
Institute                   ,,          1188.,NODC code,SCIENTIFIC INFORMATION SYSTEMS FOR THE SEA (SISMER),
probe_type                  ,,             7.,OCL_code,bottle/rosette/net,
Original units    ,Alkalinity,            29.,NODC code,umol/kg,
VARIABLES ,Depth     ,F,O,Temperatur ,F,O,Salinity   ,F,O,pH         ,F,O,Alkalinity ,F,O,,
UNITS     ,m         , , ,degrees C ,, , ,PSS       ,, , ,(n/a)     ,, , ,meq/l     ,, , ,,
Prof-Flag ,          ,0, ,          ,0, ,          ,0, ,          ,3, ,          ,0, ,,
         1,      58.3,0, ,    24.696,0, ,    38.871,0, ,     8.372,0, ,    2.6801,0, ,
         2,     150.8,0, ,    15.815,0, ,    39.026,0, ,     8.319,0, ,    2.6448,0, ,
         3,     247.3,0, ,    15.337,0, ,    39.009,0, ,     8.303,0, ,    2.6795,0, ,
         4,     397.9,0, ,    14.108,0, ,    38.823,0, ,     8.255,0, ,    2.6764,0, ,
         5,     555.1,0, ,    13.767,0, ,    38.753,0, ,     8.246,0, ,    2.6741,0, ,
         6,     890.1,0, ,    13.619,0, ,    38.720,0, ,     8.248,0, ,    2.6702,0, ,
         7,    1334.2,0, ,    13.567,0, ,    38.707,0, ,     8.219,0, ,    2.6677,0, ,
END OF VARIABLES SECTION,
#--------------------------------------------------------------------------------,
CAST                        ,,       11748748,WOD Unique Cast Number,WOD code,
NODC Cruise ID              ,,IL-222         ,,,
Originators Station ID      ,,             10,,,integer,
Originators Cruise ID       ,,MC26IS         ,,,
Latitude                    ,,           33.0,decimal degrees,,
Longitude                   ,,        34.5000,decimal degrees,,
Year                        ,,           1984,,,
Month                       ,,              5,,,
Day                         ,,             22,,,
Time                        ,,          19.43,decimal hours (UT),,
METADATA,
Country                     ,,             IL,NODC code,ISRAEL
Accession Number            ,,           996.,NODC code,,
Platform                    ,,          4476.,OCL code,SHIKMONA,
Institute                   ,,          1188.,NODC code,SCIENTIFIC INFORMATION SYSTEMS FOR THE SEA (SISMER),
probe_type                  ,,             7.,OCL_code,bottle/rosette/net,
Original units        ,Oxygen,             7.,NODC code,ug-at/l            mmol/m3  umol/l  uM  umol/dm3,
Original units    ,Alkalinity,            29.,NODC code,umol/kg,
VARIABLES ,Depth     ,F,O,Temperatur ,F,O,Salinity   ,F,O,Oxygen     ,F,O,pH         ,F,O,Alkalinity ,F,O,,
UNITS     ,m         , , ,degrees C ,, , ,PSS       ,, , ,umol/kg   ,, , ,(n/a)     ,, , ,meq/l     ,, , ,,
Prof-Flag ,          ,0, ,          ,0, ,          ,0, ,          ,9, ,          ,0, ,          ,0, ,,
         1,       4.1,0, ,    21.917,0, ,    38.998,0, ,   ---*---,0, ,   ---*---,0, ,    2.6690,0, ,
         2,      30.7,0, ,    19.790,0, ,    38.984,0, ,    0.2379,0, ,     8.160,0, ,    2.6567,0, ,
         3,      60.0,0, ,    18.087,0, ,    39.003,0, ,    0.2419,0, ,     8.175,0, ,    2.6530,0, ,
         4,     100.1,0, ,    16.622,0, ,    38.985,0, ,    0.2405,0, ,     8.165,0, ,    2.6779,0, ,
         5,     199.8,0, ,    15.499,0, ,    39.012,0, ,    0.2228,0, ,     8.138,0, ,    2.6755,0, ,
         6,     397.5,0, ,    14.302,0, ,    38.856,0, ,    0.1909,0, ,     8.098,0, ,    2.6630,0, ,
         7,     596.7,0, ,    13.793,0, ,    38.758,0, ,    0.1876,0, ,     8.095,0, ,    2.6770,0, ,
         8,     895.8,0, ,    13.639,0, ,    38.717,0, ,    0.1832,0, ,     8.075,0, ,    2.6412,0, ,
         9,    1376.7,0, ,    13.565,0, ,    38.686,0, ,    0.1807,0, ,     8.092,0, ,    2.6548,0, ,
END OF VARIABLES SECTION,
#--------------------------------------------------------------------------------,
CAST                        ,,       11749315,WOD Unique Cast Number,WOD code,
NODC Cruise ID              ,,IL-223         ,,,
Originators Station ID      ,,             10,,,integer,
Originators Cruise ID       ,,MC30IS         ,,,
Latitude                    ,,           33.0,decimal degrees,,
Longitude                   ,,        34.5000,decimal degrees,,
Year                        ,,           1984,,,
Month                       ,,             12,,,
Day                         ,,              4,,,
Time                        ,,          17.22,decimal hours (UT),,
METADATA,
Country                     ,,             IL,NODC code,ISRAEL
Accession Number            ,,           996.,NODC code,,
Platform                    ,,          4476.,OCL code,SHIKMONA,
Institute                   ,,          1188.,NODC code,SCIENTIFIC INFORMATION SYSTEMS FOR THE SEA (SISMER),
probe_type                  ,,             7.,OCL_code,bottle/rosette/net,
Original units        ,Oxygen,             7.,NODC code,ug-at/l            mmol/m3  umol/l  uM  umol/dm3,
Original units    ,Alkalinity,            29.,NODC code,umol/kg,
VARIABLES ,Depth     ,F,O,Temperatur ,F,O,Salinity   ,F,O,Oxygen     ,F,O,pH         ,F,O,Alkalinity ,F,O,,
UNITS     ,m         , , ,degrees C ,, , ,PSS       ,, , ,umol/kg   ,, , ,(n/a)     ,, , ,meq/l     ,, , ,,
Prof-Flag ,          ,0, ,          ,0, ,          ,0, ,          ,9, ,          ,0, ,          ,0, ,,
         1,       4.4,0, ,    20.710,0, ,    39.271,0, ,    0.2273,0, ,     8.303,0, ,    2.6860,0, ,
         2,      30.6,0, ,    20.731,0, ,    39.269,0, ,    0.2357,0, ,     8.303,0, ,    2.6783,0, ,
         3,      59.9,0, ,    20.735,0, ,    39.269,0, ,    0.2342,0, ,     8.298,0, ,    2.6745,0, ,
         4,      99.4,0, ,    16.681,0, ,    38.991,0, ,    0.2450,0, ,     8.265,0, ,    2.6743,0, ,
         5,     200.0,0, ,    15.395,0, ,    39.004,0, ,    0.2213,0, ,     8.226,0, ,    2.6516,0, ,
         6,     397.3,0, ,    14.123,0, ,    38.803,0, ,    0.1873,0, ,     8.195,0, ,    2.6668,0, ,
         7,     597.5,0, ,    13.763,0, ,    38.735,0, ,    0.1878,0, ,     8.196,0, ,    2.6645,0, ,
         8,     894.6,0, ,    13.631,0, ,    38.699,0, ,    0.1876,0, ,     8.182,0, ,    2.6711,0, ,
         9,    1433.6,0, ,    13.581,0, ,    38.673,0, ,    0.1856,0, ,     8.160,0, ,    2.6673,0, ,
END OF VARIABLES SECTION,
#--------------------------------------------------------------------------------,
CAST                        ,,        3372234,WOD Unique Cast Number,WOD code,
NODC Cruise ID              ,,US-12643       ,,,
Originators Station ID      ,,             22,,,integer,
Originators Cruise ID       ,,               ,,,
Latitude                    ,,           33.0,decimal degrees,,
Longitude                   ,,          34.83,decimal degrees,,
Year                        ,,           1987,,,
Month                       ,,              9,,,
Day                         ,,             11,,,
Time                        ,,           5.85,decimal hours (UT),,
METADATA,
Country                     ,,             US,NODC code,UNITED STATES
Accession Number            ,,       9600058.,NODC code,,
Project                     ,,           252.,NODC code,MEDOC,
Institute                   ,,           926.,NODC code,NATIONAL INSTITUTE FOR ENVIRONMENTAL STUDIES,
probe_type                  ,,             4.,OCL_code,CTD,
Instrument       ,Temperature,             4.,WOD code,CTD: TYPE UNKNOWN,
Instrument          ,Salinity,             4.,WOD code,CTD: TYPE UNKNOWN,
VARIABLES ,Depth     ,F,O,Temperatur ,F,O,Salinity   ,F,O,,
UNITS     ,m         , , ,degrees C ,, , ,PSS       ,, , ,,
Prof-Flag ,          ,0, ,          ,0, ,          ,0, ,,
         1,       51.,0, ,    19.555,0, ,    38.793,0, ,
         2,      100.,0, ,    16.375,0, ,    38.971,0, ,
         3,      200.,0, ,    15.390,0, ,    38.980,0, ,
         4,      300.,0, ,    14.624,0, ,    38.895,0, ,
         5,      400.,0, ,    14.126,0, ,    38.810,0, ,
         6,      502.,0, ,    13.900,0, ,    38.765,0, ,
         7,      600.,0, ,    13.798,0, ,    38.743,0, ,
         8,      801.,0, ,    13.673,0, ,    38.708,0, ,
         9,     1013.,0, ,    13.607,0, ,    38.686,0, ,
END OF VARIABLES SECTION,
#--------------------------------------------------------------------------------,
CAST                        ,,        7842860,WOD Unique Cast Number,WOD code,
NODC Cruise ID              ,,US-14886       ,,,
Originators Station ID      ,,               ,,,alpha,
Originators Cruise ID       ,,               ,,,
Latitude                    ,,          33.00,decimal degrees,,
Longitude                   ,,        34.8300,decimal degrees,,
Year                        ,,           1987,,,
Month                       ,,              9,,,
Day                         ,,             11,,,
METADATA,
Country                     ,,             US,NODC code,UNITED STATES
Accession Number            ,,       9900204.,NODC code,,
probe_type                  ,,             7.,OCL_code,bottle/rosette/net,
VARIABLES ,Depth     ,F,O,Temperatur ,F,O,Salinity   ,F,O,,
UNITS     ,m         , , ,degrees C ,, , ,PSS       ,, , ,,
Prof-Flag ,          ,0, ,          ,0, ,          ,0, ,,
         1,       51.,0, ,     19.55,0, ,    38.793,0, ,
         2,      100.,0, ,     16.37,0, ,    38.971,0, ,
         3,      200.,0, ,     15.39,0, ,    38.980,0, ,
         4,      300.,0, ,     14.62,0, ,    38.895,0, ,
         5,      400.,0, ,     14.12,0, ,    38.810,0, ,
         6,      502.,0, ,     13.90,0, ,    38.765,0, ,
         7,      600.,0, ,     13.79,0, ,    38.743,0, ,
         8,      801.,0, ,     13.67,0, ,    38.708,0, ,
END OF VARIABLES SECTION,
#--------------------------------------------------------------------------------,
CAST                        ,,       11760995,WOD Unique Cast Number,WOD code,
NODC Cruise ID              ,,IL-225         ,,,
Originators Station ID      ,,             47,,,integer,
Originators Cruise ID       ,,               ,,,
Latitude                    ,,           33.0,decimal degrees,,
Longitude                   ,,        34.5000,decimal degrees,,
Year                        ,,           1989,,,
Month                       ,,              3,,,
Day                         ,,             26,,,
Time                        ,,           5.60,decimal hours (UT),,
METADATA,
Country                     ,,             IL,NODC code,ISRAEL
Accession Number            ,,           996.,NODC code,,
Platform                    ,,          4476.,OCL code,SHIKMONA,
Institute                   ,,          1188.,NODC code,SCIENTIFIC INFORMATION SYSTEMS FOR THE SEA (SISMER),
probe_type                  ,,             7.,OCL_code,bottle/rosette/net,
VARIABLES ,Depth     ,F,O,Temperatur ,F,O,Salinity   ,F,O,Oxygen     ,F,O,,
UNITS     ,m         , , ,degrees C ,, , ,PSS       ,, , ,umol/kg   ,, , ,,
Prof-Flag ,          ,0, ,          ,0, ,          ,0, ,          ,0, ,,
         1,       7.9,0, ,    17.457,0, ,    39.082,0, ,   234.243,0, ,
         2,       9.0,0, ,    17.424,0, ,    39.108,0, ,   230.439,0, ,
         3,      61.0,0, ,    16.610,0, ,    39.105,0, ,   232.485,0, ,
         4,      97.8,0, ,    16.547,0, ,    39.100,0, ,   230.440,0, ,
         5,     294.3,0, ,    14.978,0, ,    38.947,0, ,   194.799,0, ,
         6,     392.3,0, ,    14.178,0, ,    38.830,0, ,   181.855,0, ,
         7,     493.4,0, ,    13.875,0, ,    38.774,0, ,   176.210,0, ,
         8,     589.9,0, ,    13.739,0, ,    38.744,0, ,   179.918,0, ,
         9,     688.7,0, ,    13.664,0, ,    38.725,0, ,   183.429,0, ,
        10,     786.2,0, ,    13.619,0, ,    38.713,0, ,   177.095,0, ,
        11,     982.6,0, ,    13.572,0, ,    38.696,0, ,   178.072,0, ,
END OF VARIABLES SECTION,
#--------------------------------------------------------------------------------,
CAST                        ,,       11761040,WOD Unique Cast Number,WOD code,
NODC Cruise ID              ,,IL-225         ,,,
Originators Station ID      ,,             64,,,integer,
Originators Cruise ID       ,,               ,,,
Latitude                    ,,           33.0,decimal degrees,,
Longitude                   ,,        34.5000,decimal degrees,,
Year                        ,,           1989,,,
Month                       ,,              3,,,
Day                         ,,             29,,,
Time                        ,,          12.75,decimal hours (UT),,
METADATA,
Country                     ,,             IL,NODC code,ISRAEL
Accession Number            ,,           996.,NODC code,,
Platform                    ,,          4476.,OCL code,SHIKMONA,
Institute                   ,,          1188.,NODC code,SCIENTIFIC INFORMATION SYSTEMS FOR THE SEA (SISMER),
probe_type                  ,,             7.,OCL_code,bottle/rosette/net,
VARIABLES ,Depth     ,F,O,Temperatur ,F,O,Salinity   ,F,O,Oxygen     ,F,O,,
UNITS     ,m         , , ,degrees C ,, , ,PSS       ,, , ,umol/kg   ,, , ,,
Prof-Flag ,          ,0, ,          ,0, ,          ,0, ,          ,0, ,,
         1,       9.6,0, ,    16.610,0, ,    38.782,0, ,   ---*---,0, ,
         2,      60.1,0, ,    16.539,0, ,    38.787,0, ,   ---*---,0, ,
         3,     100.1,2, ,    15.961,0, ,    38.943,0, ,   224.815,0, ,
         4,     104.5,2, ,    16.215,0, ,    38.838,0, ,   229.802,0, ,
         5,     197.7,0, ,    16.027,0, ,    38.936,0, ,   228.714,0, ,
         6,     293.2,0, ,    15.772,0, ,    38.970,0, ,   ---*---,0, ,
         7,     395.8,0, ,    14.786,0, ,    38.950,0, ,   ---*---,0, ,
         8,     495.1,0, ,    14.302,0, ,    38.873,0, ,   ---*---,0, ,
         9,     591.3,0, ,    14.037,0, ,    38.817,0, ,   ---*---,0, ,
        10,     691.3,0, ,    13.944,0, ,    38.798,0, ,   ---*---,0, ,
        11,     787.6,0, ,    13.871,0, ,    38.782,0, ,   ---*---,0, ,
END OF VARIABLES SECTION,
#--------------------------------------------------------------------------------,
CAST                        ,,       11764770,WOD Unique Cast Number,WOD code,
NODC Cruise ID              ,,IL-226         ,,,
Originators Station ID      ,,             63,,,integer,
Originators Cruise ID       ,,               ,,,
Latitude                    ,,           33.0,decimal degrees,,
Longitude                   ,,        34.5000,decimal degrees,,
Year                        ,,           1990,,,
Month                       ,,              8,,,
Day                         ,,              1,,,
Time                        ,,           4.38,decimal hours (UT),,
METADATA,
Country                     ,,             IL,NODC code,ISRAEL
Accession Number            ,,           996.,NODC code,,
Platform                    ,,          4476.,OCL code,SHIKMONA,
Institute                   ,,          1188.,NODC code,SCIENTIFIC INFORMATION SYSTEMS FOR THE SEA (SISMER),
probe_type                  ,,             7.,OCL_code,bottle/rosette/net,
Investigator       ,Cruise PI,           2486,WOD code,CHIAVERINI; JACQUES,
VARIABLES ,Depth     ,F,O,Temperatur ,F,O,Salinity   ,F,O,Oxygen     ,F,O,,
UNITS     ,m         , , ,degrees C ,, , ,PSS       ,, , ,umol/kg   ,, , ,,
Prof-Flag ,          ,0, ,          ,0, ,          ,0, ,          ,0, ,,
         1,       6.4,0, ,    27.532,0, ,    39.729,0, ,   192.158,0, ,
         2,      48.5,0, ,    19.426,0, ,    39.311,0, ,   241.898,0, ,
         3,      97.4,0, ,    16.829,0, ,    39.193,0, ,   228.088,0, ,
         4,     197.8,0, ,    15.555,0, ,    39.083,0, ,   208.518,0, ,
         5,     294.6,0, ,    14.412,0, ,    38.887,0, ,   182.629,0, ,
         6,     393.3,0, ,    13.903,0, ,    38.798,0, ,   175.229,0, ,
         7,     491.7,0, ,    13.746,0, ,    38.761,0, ,   174.359,0, ,
         8,     589.1,0, ,    13.659,0, ,    38.741,0, ,   175.139,0, ,
         9,     688.0,0, ,    13.611,0, ,    38.728,0, ,   173.489,0, ,
        10,     784.4,0, ,    13.581,0, ,    38.718,0, ,   174.069,0, ,
        11,     982.0,0, ,    13.550,0, ,    38.705,0, ,   175.049,0, ,
        12,    1175.6,0, ,    13.549,0, ,    38.698,0, ,   174.469,0, ,
END OF VARIABLES SECTION,
#--------------------------------------------------------------------------------,
CAST                        ,,       11767003,WOD Unique Cast Number,WOD code,
NODC Cruise ID              ,,IL-218         ,,,
Originators Station ID      ,,             42,,,integer,
Originators Cruise ID       ,,               ,,,
Latitude                    ,,           33.0,decimal degrees,,
Longitude                   ,,        34.5000,decimal degrees,,
Year                        ,,           1991,,,
Month                       ,,             10,,,
Day                         ,,             25,,,
Time                        ,,           9.57,decimal hours (UT),,
METADATA,
Country                     ,,             IL,NODC code,ISRAEL
Accession Number            ,,           996.,NODC code,,
Platform                    ,,          4476.,OCL code,SHIKMONA,
Institute                   ,,          1188.,NODC code,SCIENTIFIC INFORMATION SYSTEMS FOR THE SEA (SISMER),
probe_type                  ,,             7.,OCL_code,bottle/rosette/net,
Investigator       ,Cruise PI,            298,WOD code,PRIEUR; LOUIS,
VARIABLES ,Depth     ,F,O,Temperatur ,F,O,Salinity   ,F,O,Oxygen     ,F,O,,
UNITS     ,m         , , ,degrees C ,, , ,PSS       ,, , ,umol/kg   ,, , ,,
Prof-Flag ,          ,0, ,          ,0, ,          ,0, ,          ,0, ,,
         1,       5.7,0, ,    25.574,0, ,    39.704,0, ,   198.598,0, ,
         2,      54.9,0, ,    20.221,0, ,    39.223,0, ,   236.768,0, ,
         3,      88.2,0, ,    17.745,0, ,    39.209,0, ,   222.638,0, ,
         4,     148.4,0, ,    17.105,0, ,    39.334,0, ,   211.508,0, ,
         5,     196.5,0, ,    16.418,0, ,    39.213,0, ,   209.388,0, ,
         6,     294.8,0, ,    15.167,0, ,    39.042,0, ,   198.598,0, ,
         7,     394.0,0, ,    14.175,0, ,    38.850,0, ,   179.129,0, ,
         8,     491.4,0, ,    13.820,0, ,    38.772,0, ,   174.759,0, ,
         9,     590.1,0, ,    13.692,0, ,    38.743,0, ,   174.179,0, ,
        10,     787.3,0, ,    13.593,0, ,    38.715,0, ,   ---*---,0, ,
        11,     982.2,0, ,    13.555,0, ,    38.700,0, ,   181.099,0, ,
        12,    1176.9,0, ,    13.550,0, ,    38.692,0, ,   176.619,0, ,
END OF VARIABLES SECTION,
